,Image,Id
0,15a27ace4.jpg,"['new_whale', 'w_9da1811', 'w_fec331a', 'w_aa0dacc', 'w_003bae6']"
1,133f1728c.jpg,"['w_4a28f21', 'w_4846b27', 'w_d573a68', 'w_1834b49', 'w_fd6a3ad']"
2,16608e444.jpg,"['w_db68456', 'w_6cda039', 'w_60ce6fc', 'w_9c506f6', 'w_fd3e556']"
3,12ccd06a0.jpg,"['w_efbdcbc', 'w_5e8e218', 'w_e13f4e8', 'w_9c506f6', 'w_c536a4a']"
4,17310172b.jpg,"['w_914b110', 'w_9d29561', 'w_60122fa', 'w_877de07', 'w_5f0fcab']"
5,17476e430.jpg,"['new_whale', 'w_9cf0388', 'w_b3ca4b7', 'w_fbc7895', 'w_0189b6d']"
6,15cf50029.jpg,"['new_whale', 'w_0135f5f', 'w_9c506f6', 'w_564a34b', 'w_71d5ba2']"
7,17e9888c8.jpg,"['new_whale', 'w_6c995fd', 'w_cbdae16', 'w_9032a74', 'w_384e3b2']"
8,130686717.jpg,"['new_whale', 'w_0c59853', 'w_a190a88', 'w_16df050', 'w_ea91c50']"
9,17002a91a.jpg,"['w_aabdf8c', 'w_b9e5911', 'w_6e97ef4', 'w_eba33fb', 'w_6ebfe7b']"
10,12983e5f0.jpg,"['new_whale', 'w_8c25681', 'w_fd6a3ad', 'w_94a7669', 'w_b3ca4b7']"
11,175f498ba.jpg,"['new_whale', 'w_b3ca4b7', 'w_0135f5f', 'w_57db059', 'w_9c506f6']"
12,152c28943.jpg,"['new_whale', 'w_836e895', 'w_f276da3', 'w_fd6a3ad', 'w_4ab3420']"
13,130821789.jpg,"['new_whale', 'w_a9304b9', 'w_8da30ad', 'w_6caff0f', 'w_14b1427']"
14,17bfb6645.jpg,"['new_whale', 'w_16df050', 'w_3de579a', 'w_cd4cb49', 'w_1f0cf0a']"
15,17251e4ec.jpg,"['w_343f088', 'w_872f131', 'w_1ca9ab1', 'w_17b0d3a', 'w_5a2634c']"
16,1629927aa.jpg,"['w_e2a09d4', 'w_551f361', 'w_16b5050', 'w_1e85eea', 'w_533f9ea']"
17,150024216.jpg,"['new_whale', 'w_b5e6c80', 'w_8799716', 'w_a2158b8', 'w_16b5050']"
18,12449155a.jpg,"['w_2b47174', 'w_2d5b0e1', 'new_whale', 'w_a190a88', 'w_9032a74']"
19,1210cf641.jpg,"['new_whale', 'w_36bbd71', 'w_b3e445e', 'w_d9a3c6e', 'w_91037a7']"
20,1630ad18c.jpg,"['new_whale', 'w_1788910', 'w_9db1fb1', 'w_b3e445e', 'w_8d33cf5']"
21,158d5273d.jpg,"['new_whale', 'w_cd4cb49', 'w_b93105d', 'w_c0f1e04', 'w_15951db']"
22,15b71b02d.jpg,"['w_6caff0f', 'w_778e474', 'w_a9304b9', 'w_6e6307e', 'w_71d5ba2']"
23,17ae97813.jpg,"['new_whale', 'w_4ea4f59', 'w_b4396ae', 'w_e74475b', 'w_e3582ac']"
24,1723d76c7.jpg,"['new_whale', 'w_fec331a', 'w_0135f5f', 'w_f765256', 'w_26c0ffd']"
25,121392e9a.jpg,"['w_b3e445e', 'w_8d33cf5', 'w_89f521e', 'w_94e136e', 'w_d6907f5']"
26,155536e57.jpg,"['new_whale', 'w_ef83760', 'w_cd4cb49', 'w_4690940', 'w_9109577']"
27,12d84a07c.jpg,"['new_whale', 'w_d9a3c6e', 'w_e07b79f', 'w_0bc078c', 'w_5f20f03']"
28,13472d4b4.jpg,"['new_whale', 'w_1ebcda9', 'w_6c995fd', 'w_cbcb5ed', 'w_3f93ee8']"
29,131c8a098.jpg,"['new_whale', 'w_f7cd240', 'w_5f20f03', 'w_384e3b2', 'w_4bf625b']"
30,12bc3a874.jpg,"['new_whale', 'w_53feb91', 'w_5116e7e', 'w_4ff2f4a', 'w_9ca9776']"
31,1338ea9af.jpg,"['w_0369a5c', 'w_fd6a3ad', 'w_5e8e218', 'w_23a388d', 'w_04003e9']"
32,15089a903.jpg,"['new_whale', 'w_75f6ffa', 'w_efe3a39', 'w_9da1811', 'w_fbc7895']"
33,139bca777.jpg,"['w_f0fe284', 'w_f7cd240', 'w_789c969', 'w_700ebb4', 'w_51fc1fc']"
34,16af56ec3.jpg,"['new_whale', 'w_9032a74', 'w_9db1fb1', 'w_8d33cf5', 'w_88065f2']"
35,17cd9d17d.jpg,"['new_whale', 'w_7e2eb3d', 'w_f6c5343', 'w_3881f28', 'w_8eae2c3']"
36,1361968f4.jpg,"['new_whale', 'w_2af46a8', 'w_7ffc63c', 'w_b3ca4b7', 'w_8d0a2a2']"
37,1519173c0.jpg,"['new_whale', 'w_17b0d3a', 'w_e5978cf', 'w_f0fe284', 'w_90c9763']"
38,172d31128.jpg,"['new_whale', 'w_5f20f03', 'w_e3582ac', 'w_dee1053', 'w_7983f71']"
39,135656197.jpg,"['new_whale', 'w_a190a88', 'w_d10d0c5', 'w_ad343a6', 'w_8f4d879']"
40,12aa665b5.jpg,"['w_fdd3687', 'w_f61b957', 'w_564a34b', 'w_4a28f21', 'w_23a388d']"
41,154bdcf4a.jpg,"['new_whale', 'w_a190a88', 'w_a10e633', 'w_e145c7a', 'w_b9d732d']"
42,178bc715f.jpg,"['w_2b069ba', 'w_1ca9ab1', 'w_88e4537', 'w_778e474', 'w_d97c490']"
43,1711cc58a.jpg,"['w_75f6ffa', 'w_5e8e218', 'w_e27bbf6', 'w_9da1811', 'w_1f1cee1']"
44,13f0fa9b9.jpg,"['new_whale', 'w_71a1a08', 'w_b397217', 'w_234713b', 'w_ab7c369']"
45,173fbc026.jpg,"['w_af367c3', 'w_446a02d', 'w_e1ffbe2', 'w_2df85e7', 'w_34ecf36']"
46,15db5e93d.jpg,"['new_whale', 'w_a113b33', 'w_b3ca4b7', 'w_5ff2049', 'w_0815d2c']"
47,1685d44c4.jpg,"['w_51fc1fc', 'w_9b5109b', 'w_23a388d', 'w_f0fe284', 'w_700ebb4']"
48,176ff5648.jpg,"['new_whale', 'w_384e3b2', 'w_1ebcda9', 'w_9bebed8', 'w_d5d084c']"
49,16cc3cc4b.jpg,"['w_8c25681', 'w_34ecf36', 'w_2df85e7', 'w_bb2c919', 'w_21b2790']"
50,122719de5.jpg,"['new_whale', 'w_a190a88', 'w_e145c7a', 'w_67153b4', 'w_4a12050']"
51,150760947.jpg,"['new_whale', 'w_dee1053', 'w_cbcb5ed', 'w_5f20f03', 'w_e3582ac']"
52,12d39f3e1.jpg,"['new_whale', 'w_67a9841', 'w_3f21fed', 'w_4369be0', 'w_f0fe284']"
53,174ef0e06.jpg,"['new_whale', 'w_e8c45dd', 'w_966f46a', 'w_a10e633', 'w_a190a88']"
54,17a3529f0.jpg,"['new_whale', 'w_fbc7895', 'w_c0d11da', 'w_c1efffb', 'w_2b069ba']"
55,17208fcd2.jpg,"['new_whale', 'w_e533679', 'w_4a12050', 'w_d5d111d', 'w_8ad2534']"
56,13feac401.jpg,"['new_whale', 'w_5f20f03', 'w_7983f71', 'w_cbcb5ed', 'w_384e3b2']"
57,13a6961a2.jpg,"['w_23a388d', 'w_0369a5c', 'w_17b0d3a', 'w_1ca9ab1', 'w_4c07458']"
58,178bf6b87.jpg,"['new_whale', 'w_581ba42', 'w_2b069ba', 'w_9c506f6', 'w_564a34b']"
59,17264a2d6.jpg,"['w_f3b2948', 'w_fbc7895', 'w_2b069ba', 'w_84f9ab0', 'w_1032bb6']"
60,15d7e8f44.jpg,"['w_4846b27', 'w_4a28f21', 'w_fd6a3ad', 'w_0369a5c', 'w_23a388d']"
61,1201e4a8a.jpg,"['new_whale', 'w_7a8ce16', 'w_0886321', 'w_0714a46', 'w_c82dafb']"
62,17c633024.jpg,"['new_whale', 'w_234713b', 'w_1b51678', 'w_fc10c15', 'w_2f350be']"
63,12be9222e.jpg,"['new_whale', 'w_55b77ce', 'w_88eaa39', 'w_8431ae8', 'w_0027efa']"
64,179fb688f.jpg,"['new_whale', 'w_ac33bfe', 'w_a190a88', 'w_a10e633', 'w_9032a74']"
65,15137fad1.jpg,"['w_e2a09d4', 'w_62c78f3', 'w_aa32f70', 'w_b9e5911', 'w_6189444']"
66,13c7aa0e3.jpg,"['new_whale', 'w_ac33bfe', 'w_a10e633', 'w_6c995fd', 'w_c7d8935']"
67,17aa93866.jpg,"['w_23a388d', 'w_fccccec', 'w_f48451c', 'w_5597026', 'w_700ebb4']"
68,1711d579e.jpg,"['new_whale', 'w_2c94198', 'w_b3ca4b7', 'w_9da1811', 'w_553d1ef']"
69,15a0caf93.jpg,"['new_whale', 'w_99af1a9', 'w_6aa9d4e', 'w_dfe485f', 'w_6aab519']"
70,16fb6303c.jpg,"['new_whale', 'w_cbdae16', 'w_d6907f5', 'w_ac33bfe', 'w_c59d924']"
71,1729983ba.jpg,"['w_e2a09d4', 'w_5773c71', 'w_5821157', 'w_396c12b', 'w_533f9ea']"
72,1376671ea.jpg,"['w_d405854', 'w_f0fe284', 'w_30f2f0f', 'w_df32eec', 'new_whale']"
73,12ec04617.jpg,"['new_whale', 'w_952c233', 'w_6eb10d2', 'w_0e93f25', 'w_dd80742']"
74,1225d882f.jpg,"['w_60122fa', 'w_84dadae', 'w_3de579a', 'w_3334d3f', 'w_d6c1d80']"
75,161337ae8.jpg,"['w_778e474', 'w_2b069ba', 'w_71d5ba2', 'w_f74a89e', 'w_b3cc7b3']"
76,162ecd9d9.jpg,"['new_whale', 'w_d066c0a', 'w_51e7506', 'w_1f0cf0a', 'w_9438119']"
77,15be10258.jpg,"['new_whale', 'w_0bc078c', 'w_23a388d', 'w_df32eec', 'w_9438119']"
78,1301a5247.jpg,"['w_fd3e556', 'w_6822dbc', 'w_6cda039', 'w_60ce6fc', 'w_2df85e7']"
79,133220144.jpg,"['new_whale', 'w_a2158b8', 'w_43d4a64', 'w_cbcb5ed', 'w_70d0b3c']"
80,17dfd1d6c.jpg,"['new_whale', 'w_4c07458', 'w_15951db', 'w_9438119', 'w_c0f1e04']"
81,175a08525.jpg,"['w_9c506f6', 'w_2b069ba', 'w_d588fb4', 'new_whale', 'w_6caff0f']"
82,13df324cc.jpg,"['w_218fe4a', 'w_23a388d', 'w_bfe77d0', 'w_488865e', 'w_2b069ba']"
83,1613db994.jpg,"['new_whale', 'w_a190a88', 'w_e145c7a', 'w_16df050', 'w_61ed07a']"
84,17d2674ce.jpg,"['new_whale', 'w_7a8ce16', 'w_ae19ff0', 'w_8ad2534', 'w_b4396ae']"
85,1592315ed.jpg,"['new_whale', 'w_2af46a8', 'w_a939b64', 'w_fd6a3ad', 'w_12fdac7']"
86,12ef74152.jpg,"['w_8b1f4be', 'w_a8fa5f2', 'w_ac90846', 'w_9712235', 'w_8e3a722']"
87,120b1c3e9.jpg,"['new_whale', 'w_7a8ce16', 'w_6c995fd', 'w_ac33bfe', 'w_0f1cf57']"
88,1626dbed7.jpg,"['new_whale', 'w_7a8ce16', 'w_0886321', 'w_ac33bfe', 'w_e3582ac']"
89,12f5a1b9d.jpg,"['w_6caff0f', 'w_0135f5f', 'w_9c506f6', 'w_6cda039', 'w_564a34b']"
90,1579e263b.jpg,"['w_a9304b9', 'w_a113b33', 'w_bb2c919', 'w_f48451c', 'w_67a9841']"
91,1292ea088.jpg,"['w_91cc02c', 'w_9da1811', 'w_2b069ba', 'w_9a91c1e', 'w_c55c51d']"
92,12b00dd39.jpg,"['new_whale', 'w_fec331a', 'w_30f2f0f', 'w_1531bf5', 'w_12fdac7']"
93,127fa6664.jpg,"['w_d72771c', 'w_0e9f07a', 'w_fccccec', 'w_8f1069a', 'w_23a388d']"
94,16b5f7a5c.jpg,"['new_whale', 'w_f8746c3', 'w_bfe77d0', 'w_2b069ba', 'w_1d0830e']"
95,15002293b.jpg,"['new_whale', 'w_30f2f0f', 'w_0ee7878', 'w_1e9caad', 'w_e71f9c7']"
96,137231360.jpg,"['new_whale', 'w_4f6e5a9', 'w_1ebcda9', 'w_cbdae16', 'w_e05c1a2']"
97,138daa77a.jpg,"['new_whale', 'w_4ea4f59', 'w_732d22c', 'w_234713b', 'w_70d0b3c']"
98,16ee9d18a.jpg,"['new_whale', 'w_0135f5f', 'w_6cda039', 'w_57db059', 'w_2b069ba']"
99,1375b451c.jpg,"['w_26c0ffd', 'w_9f13096', 'w_0369a5c', 'w_23a388d', 'w_8003858']"
100,12f32473b.jpg,"['new_whale', 'w_8f0c6ed', 'w_4eb6bcc', 'w_2a7f00f', 'w_fc6dd24']"
101,178098115.jpg,"['w_accb0cb', 'w_aabdf8c', 'w_dd88965', 'w_0fdf741', 'w_9fc06d4']"
102,156cd5898.jpg,"['w_d405854', 'w_fd6a3ad', 'w_0ee7878', 'w_abfdd10', 'w_2f87cc7']"
103,177b7ffe8.jpg,"['w_0ee7878', 'w_6822dbc', 'w_d8a47de', 'w_af367c3', 'w_1531bf5']"
104,130e9d132.jpg,"['new_whale', 'w_fc10c15', 'w_aa0dacc', 'w_9da1811', 'w_36bbd71']"
105,16e4f67e0.jpg,"['new_whale', 'w_17b0d3a', 'w_1ca9ab1', 'w_d97c490', 'w_23a388d']"
106,16f390578.jpg,"['new_whale', 'w_700ebb4', 'w_a113b33', 'w_dc651ad', 'w_8ea9f68']"
107,13aa68684.jpg,"['w_fd6a3ad', 'new_whale', 'w_23a388d', 'w_cc1784d', 'w_a780b2d']"
108,1769738c2.jpg,"['w_f0fe284', 'w_659bdb8', 'w_32da935', 'w_6caff0f', 'w_71a1a08']"
109,169182b62.jpg,"['new_whale', 'w_700ebb4', 'w_51fc1fc', 'w_9438119', 'w_ae19ff0']"
110,15b461c33.jpg,"['w_564a34b', 'w_60ce6fc', 'w_6cda039', 'w_ab7c369', 'w_27597ff']"
111,174ddc7cd.jpg,"['new_whale', 'w_2b069ba', 'w_91cc02c', 'w_6cda039', 'w_85d9229']"
112,16855080d.jpg,"['new_whale', 'w_30f2f0f', 'w_7e2eb3d', 'w_36bbd71', 'w_5f5f9ae']"
113,131901d5d.jpg,"['w_6caff0f', 'w_488865e', 'w_778e474', 'w_23a388d', 'w_4846b27']"
114,152fd62f7.jpg,"['w_343f088', 'w_3de579a', 'w_bc285a6', 'w_a743e09', 'w_8f1069a']"
115,167a0f8ca.jpg,"['w_564a34b', 'w_fd6a3ad', 'new_whale', 'w_861e504', 'w_242fb46']"
116,15dd3f9ef.jpg,"['w_ef83760', 'w_87e5b68', 'w_23a388d', 'w_bfe77d0', 'w_1ca9ab1']"
117,165c7bf64.jpg,"['new_whale', 'w_88eaa39', 'w_5116e7e', 'w_1ebcda9', 'w_7a8ce16']"
118,12cf5ce4d.jpg,"['w_0b398b2', 'w_dc651ad', 'w_d588fb4', 'w_08630fd', 'w_5597026']"
119,12d21fee8.jpg,"['w_f48451c', 'w_22b8752', 'w_41dd026', 'w_8e3a722', 'w_45d33bf']"
120,13f36f3d6.jpg,"['w_9032a74', 'w_8d33cf5', 'new_whale', 'w_4441671', 'w_89f521e']"
121,15640fa78.jpg,"['new_whale', 'w_17b0d3a', 'w_4bf625b', 'w_5f5f9ae', 'w_1ca9ab1']"
122,1254d6a91.jpg,"['w_b3cde16', 'w_3b71107', 'w_23a388d', 'w_c01c1f4', 'w_090c801']"
123,15f94453c.jpg,"['new_whale', 'w_e05c1a2', 'w_384e3b2', 'w_1ebcda9', 'w_e533679']"
124,1550cb8b0.jpg,"['new_whale', 'w_3ec7fa2', 'w_37d2f3a', 'w_ad343a6', 'w_a4fb1d8']"
125,159782f38.jpg,"['new_whale', 'w_700ebb4', 'w_f7cd240', 'w_f0fe284', 'w_67a9841']"
126,1546729ec.jpg,"['new_whale', 'w_343f088', 'w_bc285a6', 'w_36bbd71', 'w_0bc078c']"
127,16cf8277c.jpg,"['w_2b069ba', 'w_9c506f6', 'w_6cda039', 'w_6caff0f', 'w_564a34b']"
128,156ef1cee.jpg,"['new_whale', 'w_6c995fd', 'w_c2397a4', 'w_d066c0a', 'w_7a8ce16']"
129,13bafa80b.jpg,"['w_dd88965', 'w_b9e5911', 'w_62c78f3', 'w_c6d918a', 'w_aabdf8c']"
130,13d309a13.jpg,"['w_f0fe284', 'w_df32eec', 'w_0bc078c', 'w_f48451c', 'w_cbb15d2']"
131,17d4ebd87.jpg,"['new_whale', 'w_5f20f03', 'w_3de579a', 'w_ea6a9f4', 'w_ed1df50']"
132,16c3fdc3c.jpg,"['w_b330c85', 'w_6e97ef4', 'w_6525e6b', 'w_accb0cb', 'w_2e374c0']"
133,1624d9c96.jpg,"['new_whale', 'w_5b8b487', 'w_8ad2534', 'w_88b2b19', 'w_8340caf']"
134,16b0d30e8.jpg,"['new_whale', 'w_1f0cf0a', 'w_a190a88', 'w_0c59853', 'w_cd4cb49']"
135,120105235.jpg,"['w_3de579a', 'w_4690940', 'w_e897a60', 'w_e2372d6', 'w_bc285a6']"
136,12108a49b.jpg,"['w_cbb15d2', 'w_9b5109b', 'w_2b39f31', 'w_336e046', 'w_cef693e']"
137,16b12e81e.jpg,"['new_whale', 'w_9b5109b', 'w_cd4cb49', 'w_90c9763', 'w_d066c0a']"
138,13cff00e7.jpg,"['w_700ebb4', 'w_23a388d', 'w_91cc02c', 'w_fccccec', 'w_a9304b9']"
139,178024f4c.jpg,"['w_b3ca4b7', 'w_c1d2fbe', 'w_2b069ba', 'w_9c506f6', 'w_e906edd']"
140,178910d15.jpg,"['new_whale', 'w_a4162d6', 'w_ddf876d', 'w_5d1c9eb', 'w_57aeea3']"
141,15209239a.jpg,"['new_whale', 'w_57aeea3', 'w_6c3ec2d', 'w_ef83760', 'w_e2372d6']"
142,16b5413d2.jpg,"['w_f48451c', 'w_d72771c', 'w_45d33bf', 'w_0b398b2', 'w_fccccec']"
143,15092bf57.jpg,"['new_whale', 'w_60122fa', 'w_1e1e5d9', 'w_5ae026a', 'w_4182dba']"
144,123ff31c0.jpg,"['w_6caff0f', 'w_c1efffb', 'new_whale', 'w_d588fb4', 'w_55b77ce']"
145,1581c707f.jpg,"['w_accb0cb', 'w_dd88965', 'w_aabdf8c', 'w_0fdf741', 'w_b9e5911']"
146,168258e8a.jpg,"['new_whale', 'w_5a2634c', 'w_a9304b9', 'w_07768b0', 'w_04003e9']"
147,12d379a16.jpg,"['new_whale', 'w_7a8ce16', 'w_8ad2534', 'w_5116e7e', 'w_c7bd8e7']"
148,16abbece8.jpg,"['w_dd88965', 'w_c6d918a', 'w_e2a09d4', 'w_62c78f3', 'w_d405854']"
149,17e02f282.jpg,"['new_whale', 'w_e05c1a2', 'w_276d61d', 'w_90abfeb', 'w_2694603']"
